# plan_cen (STAGING) — Etap 2, WYŁĄCZNIE PLAN. Klucz: SKU (EAN-13). Kolejność: DO_IMPORTU, BLOKADA, BRAK_EAN, WYKLUCZONE, BEZ_ZMIAN
sku;wc_id;wc_nazwa;cennik_lp;cennik_nazwa;cennik_ean;metoda;netto_cennik;vat_cennik;klasa_wc;vat_wc;brutto_docelowy;brutto_obecny;delta_brutto;sale_price;decyzja;powod
GV-40;37;Colacal - kolagen z wapniem 60 kapsułek;31;COLACAL X 60 KAPS.;8594011210012;RĘCZNE;49.50;8%;reduced-rate;8%;53.46;51.00;+2.46;;DO_IMPORTU;RĘCZNE: potwierdzona transpozycja Colacal ↔ Colahial (dopasowanie po nazwie, nie po EAN)
GV-43;43;Colahial 60 kapsułek;34;COLAHIAL KOLAGEN X 60 KAPS.;5907636994817;RĘCZNE;47.50;8%;reduced-rate;8%;51.30;53.00;-1.70;;DO_IMPORTU;RĘCZNE: potwierdzona transpozycja Colacal ↔ Colahial (dopasowanie po nazwie, nie po EAN)
5907636994879;2069;Maść Witaminowa 50ml;70;MAŚĆ WITAMINOWA 50ML;5907636994879;EAN;11.80;23%;(standard);23%;14.51;15.00;-0.49;;DO_IMPORTU;import ceny regularnej brutto z cennika
5907636994930;181;Olej Kokosowy w żelu 200 ml;80;OLEJ KOKOSOWY W ŻELU 200 ML;5907636994930;EAN;17.50;23%;(standard);23%;21.53;22.00;-0.47;;DO_IMPORTU;import ceny regularnej brutto z cennika
5903317643210;2054;Magnez B6 + Ashwagandha x60 kaps.;53;MAGNEZ B6 + ASHWAGANDHA x60 KAPS.;5903317643210;EAN;21.80;8%;reduced-rate;8%;23.54;24.00;-0.46;;DO_IMPORTU;import ceny regularnej brutto z cennika
5907636994503;111;Końska Maść 250 ml;62;MAŚĆ KOŃSKA ROZGRZEWAJACA 250ML;5907636994503;EAN;16.70;23%;(standard);23%;20.54;21.00;-0.46;;DO_IMPORTU;import ceny regularnej brutto z cennika
5907636994664;101;Balsam do ust z witaminami A,E,F 20 ml;17;BALSAM DO UST Z WITAMINAMI A,E,F 20ML;5907636994664;EAN;10.20;23%;(standard);23%;12.55;13.00;-0.45;;DO_IMPORTU;import ceny regularnej brutto z cennika
5907636994060;2048;Carbocaps x30 kaps.;21;CARBOCAPS X 30 KAPS.;5907636994060;EAN;10.70;8%;reduced-rate;8%;11.56;12.00;-0.44;;DO_IMPORTU;import ceny regularnej brutto z cennika
5903317643067;75;OSTROPEST x60 kaps.;87;OSTROPEST x60 kaps.;5903317643067;EAN;14.30;8%;reduced-rate;8%;15.44;15.00;+0.44;;DO_IMPORTU;import ceny regularnej brutto z cennika
5907636994015;81;Silicum + H ( KRZEM+ BIOTYNA ) 30 tabletek;102;SILICUM + H (KRZEM+BIOTYNA ) X 30 TAB.;5907636994015;EAN;18.00;8%;reduced-rate;8%;19.44;19.00;+0.44;;DO_IMPORTU;import ceny regularnej brutto z cennika
5907636994428;85;Zielona Kawa 60 kapsułek;109;ZIELONA KAWA X 60 KAPS.;5907636994428;EAN;28.30;8%;reduced-rate;8%;30.56;31.00;-0.44;;DO_IMPORTU;import ceny regularnej brutto z cennika
5907636994923;2071;Żyworódka w Płynie 115ml;125;ŻYWORÓDKA W PŁYNIE 115 ML;5907636994923;EAN;15.80;23%;(standard);23%;19.43;19.00;+0.43;;DO_IMPORTU;import ceny regularnej brutto z cennika
5907636994411;2067;Carbosal + z Czarną Jagodą x20 kaps.;23;CARBOSAL + Z CZARNĄ JAGODĄ X 20 KAPS.;5907636994411;EAN;9.80;8%;reduced-rate;8%;10.58;11.00;-0.42;;DO_IMPORTU;import ceny regularnej brutto z cennika
5907636994190;2065;Zdrowe Oczy x30 kaps.;108;ZDROWE OCZY OCHRONA I REGENERACJA x30 kaps.;5907636994190;EAN;15.20;8%;reduced-rate;8%;16.42;16.00;+0.42;;DO_IMPORTU;import ceny regularnej brutto z cennika
5907636994169;91;Zielony Jęczmień w proszku 100 gram;110;ZIELONY JĘCZMIEŃ W PROSZKU 100 GRAM;5907636994169;EAN;27.40;8%;reduced-rate;8%;29.59;30.00;-0.41;;DO_IMPORTU;import ceny regularnej brutto z cennika
5907636994084;49;Erotic dla kobiet - afrodyzjak 20 kapsułek;40;EROTIC DLA KOBIET X 20 KAPS.;5907636994084;EAN;30.00;8%;reduced-rate;8%;32.40;32.00;+0.40;;DO_IMPORTU;import ceny regularnej brutto z cennika
5907636994091;51;Erotic dla mężczyzn - afrodyzjak 20 kapsułek;41;EROTIC DLA MĘŻCZYZN X 20 KAPS.;5907636994091;EAN;30.00;8%;reduced-rate;8%;32.40;32.00;+0.40;;DO_IMPORTU;import ceny regularnej brutto z cennika
5907636994497;205;Żel Anticelluitis 200 ml;113;ŻEL ANTICELLUITIS 200 ML;5907636994497;EAN;17.40;23%;(standard);23%;21.40;21.00;+0.40;;DO_IMPORTU;import ceny regularnej brutto z cennika
5907636994213;191;Pneumovit Żel 200 ml;117;ŻEL PNEUMOVIT 200 ML;5907636994213;EAN;20.00;8%;reduced-rate;8%;21.60;22.00;-0.40;;DO_IMPORTU;import ceny regularnej brutto z cennika
5907636994534;187;Panthenol Żel 100 ml;89;PANTHENOL ŻEL Z ALOESEM I ALANTOINĄ 100 ML;5907636994534;EAN;13.50;23%;(standard);23%;16.61;17.00;-0.39;;DO_IMPORTU;import ceny regularnej brutto z cennika
5903317643043;2044;Ashwagandha x60 kaps.;12;ASHWAGANDHA x60 kaps.;5903317643043;EAN;23.50;8%;reduced-rate;8%;25.38;25.00;+0.38;;DO_IMPORTU;import ceny regularnej brutto z cennika
5907636994916;224;Żyworódka w Zasypce 50 ml;126;ŻYWORÓDKA W ZASYPCE 50 ML;5907636994916;EAN;12.70;23%;(standard);23%;15.62;16.00;-0.38;;DO_IMPORTU;import ceny regularnej brutto z cennika
5903317643081;21;BABKA PŁESZNIK mielona 150g;15;BABKA PŁESZNIK MIELONA 150g;5903317643081;EAN;15.40;8%;reduced-rate;8%;16.63;17.00;-0.37;;DO_IMPORTU;import ceny regularnej brutto z cennika
5907636994510;2070;Maść Żywokostowa 130ml;74;MAŚĆ ŻYWOKOSTOWA 130 ML;5907636994510;EAN;19.00;23%;(standard);23%;23.37;23.00;+0.37;;DO_IMPORTU;import ceny regularnej brutto z cennika
5907636994282;2061;Pneumovit Sept Aerozol 35ml;93;PNEUMOVIT SEPT AEROZOL DO GARDŁA 35 ML;5907636994282;EAN;15.40;8%;reduced-rate;8%;16.63;17.00;-0.37;;DO_IMPORTU;import ceny regularnej brutto z cennika
5907636994527;210;Żel z Arniką i Bursztynem 200 ml;118;ŻEL Z ARNIKĄ I BURSZTYNEM 200 ML;5907636994527;EAN;19.00;23%;(standard);23%;23.37;23.00;+0.37;;DO_IMPORTU;import ceny regularnej brutto z cennika
5907636994077;27;CARBOSAL + z czarną jagodą 30 kapsułek;24;CARBOSAL + Z CZARNĄ JAGODĄ X 30 KAPS.;5907636994077;EAN;11.70;8%;reduced-rate;8%;12.64;13.00;-0.36;;DO_IMPORTU;import ceny regularnej brutto z cennika
5907636994602;113;Końska Maść Chłodząca 130 ml;61;MAŚĆ KOŃSKA CHŁODZĄCA 130 ML;5907636994602;EAN;11.90;23%;(standard);23%;14.64;15.00;-0.36;;DO_IMPORTU;import ceny regularnej brutto z cennika
5907636994558;2056;Maść Końska Rozgrzewająca 130ml;63;MAŚĆ KOŃSKA ROZGRZEWAJĄCA 130 ML;5907636994558;EAN;11.90;23%;(standard);23%;14.64;15.00;-0.36;;DO_IMPORTU;import ceny regularnej brutto z cennika
5907636994404;55;GOTU KOLA x60 kapsułek;43;GOTU KOLA;5907636994404;EAN;17.90;8%;reduced-rate;8%;19.33;19.00;+0.33;;DO_IMPORTU;import ceny regularnej brutto z cennika
8594011210111;39;Colafit 60 kostek;32;COLAFIT KOLAGEN 99,9% X 60 KOSTEK;8594011210111;EAN;71.00;8%;reduced-rate;8%;76.68;77.00;-0.32;;DO_IMPORTU;import ceny regularnej brutto z cennika
5907636994251;103;Balsam Koński 250 ml;48;KOŃSKI BALSAM 250 ML;5907636994251;EAN;16.00;23%;(standard);23%;19.68;20.00;-0.32;;DO_IMPORTU;import ceny regularnej brutto z cennika
5903317643234;177;Mosqitos 100ml;75;MOSQITOS PŁYN OCHRONNY NA SKÓRĘ 100ML;5903317643234;EAN;9.50;23%;(standard);23%;11.69;12.00;-0.31;;DO_IMPORTU;import ceny regularnej brutto z cennika
5907636994176;87;Zielony Jęczmień 120 kapsułek;111;ZIELONY JĘCZMIEŃ X 120 KAPS.;5907636994176;EAN;34.90;8%;reduced-rate;8%;37.69;38.00;-0.31;;DO_IMPORTU;import ceny regularnej brutto z cennika
5907636994749;19;Babka Płesznik 60 kapsułek;16;BABKA PŁESZNIK X 60 KAPS.;5907636994749;EAN;22.50;8%;reduced-rate;8%;24.30;24.00;+0.30;;DO_IMPORTU;import ceny regularnej brutto z cennika
5903317643333;2068;Karczoch Ostropest x60 kaps.;46;KARCZOCH OSTROPEST X 60 KAPS.;5903317643333;EAN;22.50;8%;reduced-rate;8%;24.30;24.00;+0.30;;DO_IMPORTU;import ceny regularnej brutto z cennika
5907636994596;2059;Pneumovit Pastylki x16;91;PNEUMOVIT PASTYLKI DO SSANIA NA GARDŁO x16 pastylek;5907636994596;EAN;10.80;23%;(standard);23%;13.28;13.00;+0.28;;DO_IMPORTU;import ceny regularnej brutto z cennika
5903317643258;2058;Mosqitos Płyn 20ml;77;MOSQITOS PŁYN OCHRONNY NA SKÓRĘ 20ML;5903317643258;EAN;5.90;23%;(standard);23%;7.26;7.00;+0.26;;DO_IMPORTU;import ceny regularnej brutto z cennika
5907636994206;232;Pneumovit Spray do nosa 35 ml;94;PNEUMOVIT SPRAY DO NOSA 35 ML;5907636994206;EAN;15.50;8%;reduced-rate;8%;16.74;17.00;-0.26;;DO_IMPORTU;import ceny regularnej brutto z cennika
8594011210173;41;Colafit SLIM z Chitosanem 60 kapsułek;33;COLAFIT SLIM Z CHITOSANEM X 60 KAPS.;8594011210173;EAN;47.00;8%;reduced-rate;8%;50.76;51.00;-0.24;;DO_IMPORTU;import ceny regularnej brutto z cennika
5903317643241;179;Mosqitos Zestaw Płyn 20ml i Żel 20ml;76;MOSQITOS ZESTAW PŁYN 20ML i ŻEL 20 ML;5903317643241;EAN;13.20;23%;(standard);23%;16.24;16.00;+0.24;14.62;DO_IMPORTU;import ceny regularnej brutto z cennika | ⚠ aktywna cena promocyjna 14.62 — do osobnej decyzji
5907636994862;109;Diabelski (Czarci) Pazur balsam 200 ml;38;DIABELSKI (CZARCI) PAZUR BALSAM 200 ML;5907636994862;EAN;19.70;23%;(standard);23%;24.23;24.00;+0.23;;DO_IMPORTU;import ceny regularnej brutto z cennika
5907636994237;167;Maść Świerkowa 135 ml;69;MAŚĆ ŚWIERKOWA 135 ML;5907636994237;EAN;19.70;23%;(standard);23%;24.23;24.00;+0.23;;DO_IMPORTU;import ceny regularnej brutto z cennika
5907636994565;2060;Pneumovit Pastylki x8;92;PNEUMOVIT PASTYLKI DO SSANIA NA GARDŁO x8 pastylek;5907636994565;EAN;7.50;23%;(standard);23%;9.23;9.00;+0.23;;DO_IMPORTU;import ceny regularnej brutto z cennika
5907636994374;197;RABKA SPA MINERALE żel 200 ml;98;RABKA SPA MINERALE ŻEL 200 ML;5907636994374;EAN;17.40;8%;reduced-rate;8%;18.79;19.00;-0.21;;DO_IMPORTU;import ceny regularnej brutto z cennika
5907636994107;25;CARBOsal syrop 100ml;25;CARBOSAL SYROP (CARBO ACTIV) O SMAKU COLI 100 ML;5907636994107;EAN;15.00;8%;reduced-rate;8%;16.20;16.00;+0.20;;DO_IMPORTU;import ceny regularnej brutto z cennika
5907636994985;2053;Kwas Hialuronowy x60 kaps.;50;KWAS HIALURONOWY x60 KAPS.;5907636994985;EAN;35.00;8%;reduced-rate;8%;37.80;38.00;-0.20;;DO_IMPORTU;import ceny regularnej brutto z cennika
5907636994732;89;Zielony Jęczmień 60 kapsułek;112;ZIELONY JĘCZMIEŃ X 60 KAPS.;5907636994732;EAN;22.40;8%;reduced-rate;8%;24.19;24.00;+0.19;;DO_IMPORTU;import ceny regularnej brutto z cennika
5907636994121;2040;Apleplus C,E – Ocet Jabłkowy x30 kaps.;6;APLEPLUS C, E – OCET JABŁKOWY + WIT. C x30 kaps.;5907636994121;EAN;12.20;8%;reduced-rate;8%;13.18;13.00;+0.18;;DO_IMPORTU;import ceny regularnej brutto z cennika
5907636994831;97;ARCACET pianka 100 ml;8;ARCACET PIANKA 100 ML;5907636994831;EAN;15.30;23%;(standard);23%;18.82;19.00;-0.18;;DO_IMPORTU;import ceny regularnej brutto z cennika
5907636994381;199;Venal Spray 115 ml;104;VENAL SPRAY NA ZMĘCZONE NOGI, ŻYLAKI 115ml;5907636994381;EAN;15.30;23%;(standard);23%;18.82;19.00;-0.18;;DO_IMPORTU;import ceny regularnej brutto z cennika
5907636994572;29;Chrom Forte;26;CHROM FORTE X 30 KAPS.;5907636994572;EAN;15.90;8%;reduced-rate;8%;17.17;17.00;+0.17;;DO_IMPORTU;import ceny regularnej brutto z cennika
5907636994992;2050;Czystek x60 kaps.;37;CZYSTEK X60 KAPS.;5907636994992;EAN;19.60;8%;reduced-rate;8%;21.17;21.00;+0.17;;DO_IMPORTU;import ceny regularnej brutto z cennika
5903317643050;2046;Ashwagandha + Gotu Kola x60 kaps.;13;ASHWAGANDHA + GOTU KOLA x60 KAPS..;5903317643050;EAN;23.00;8%;reduced-rate;8%;24.84;25.00;-0.16;;DO_IMPORTU;import ceny regularnej brutto z cennika
5903317643289;1551;Collagen Vegan;35;COLLAGEN VEGAN BEAUTY X 60 KAPS.;5903317643289;EAN;52.00;8%;reduced-rate;8%;56.16;56.00;+0.16;;DO_IMPORTU;import ceny regularnej brutto z cennika
5907636994695;161;Maść Propolisowa 10% z witaminami A,E,F 50 ml;66;MAŚĆ PROPOLISOWA 50ML;5907636994695;EAN;13.70;23%;(standard);23%;16.85;17.00;-0.15;;DO_IMPORTU;import ceny regularnej brutto z cennika
5907636994541;145;Maść Kasztanowa 130 ml;59;MAŚĆ KASZTANOWA 130 ML;5907636994541;EAN;18.00;23%;(standard);23%;22.14;22.00;+0.14;;DO_IMPORTU;import ceny regularnej brutto z cennika
5907636994466;212;Żel z Kasztanowcem 200 ml;120;ŻEL Z KASZTANOWCEM 200 ML;5907636994466;EAN;18.00;23%;(standard);23%;22.14;22.00;+0.14;;DO_IMPORTU;import ceny regularnej brutto z cennika
5907636994800;16;ARTREVIT 60 kapsułek;9;ARTREVIT X 60 KAPS.;5907636994800;EAN;31.60;8%;reduced-rate;8%;34.13;34.00;+0.13;;DO_IMPORTU;import ceny regularnej brutto z cennika
5907636994763;228;Aurix 35 ml;14;AURIX KROPLE DO USZU 35ML;5907636994763;EAN;18.40;8%;reduced-rate;8%;19.87;20.00;-0.13;;DO_IMPORTU;import ceny regularnej brutto z cennika
5903317643180;171;Maść z kurkumą, nagietkiem i olejem CBD 5% 80 ml;72;MAŚĆ Z KURKUMĄ, NAGIETKIEM i OLEJEM CBD 5%;5903317643180;EAN;18.60;23%;(standard);23%;22.88;23.00;-0.12;;DO_IMPORTU;import ceny regularnej brutto z cennika
5907636994114;2052;Koenzym Q10 30mg z Magnezem x30 kaps.;47;KOENZYM Q10 30 MG Z MAGNEZEM X 30 KAPS.;5907636994114;EAN;21.40;8%;reduced-rate;8%;23.11;23.00;+0.11;;DO_IMPORTU;import ceny regularnej brutto z cennika
5907636994183;57;Hepasal 40 kapsułek;44;HEPASAL X 40 KAPS.;5907636994183;EAN;14.90;8%;reduced-rate;8%;16.09;16.00;+0.09;;DO_IMPORTU;import ceny regularnej brutto z cennika
5907636994633;169;Maść Witaminowa A,E,F 20ml;71;MAŚĆ WITAMINOWA A,E,F 20ML;5907636994633;EAN;9.00;23%;(standard);23%;11.07;11.00;+0.07;;DO_IMPORTU;import ceny regularnej brutto z cennika
5903317643074;73;OSTROPEST mielony 150g;86;OSTROPEST MIELONY 150g;5903317643074;EAN;12.90;8%;reduced-rate;8%;13.93;14.00;-0.07;;DO_IMPORTU;import ceny regularnej brutto z cennika
5907636994756;2038;AloeVera z Zieloną Herbatą x60 kaps.;4;ALOEVERA Z ZIELONĄ HERBATĄ X 60 KAPS.;5907636994756;EAN;19.50;8%;reduced-rate;8%;21.06;21.00;+0.06;;DO_IMPORTU;import ceny regularnej brutto z cennika
5907636994220;2042;Apleplus Forte z Zieloną Herbatą x30 kaps.;7;APLEPLUS FORTE Z ZIELONĄ HERBATĄ x 30 kaps.;5907636994220;EAN;15.80;8%;reduced-rate;8%;17.06;17.00;+0.06;;DO_IMPORTU;import ceny regularnej brutto z cennika
5907636994312;189;Pneumovit Żel 100 ml;116;ŻEL PNEUMOVIT 100 ML;5907636994312;EAN;15.80;8%;reduced-rate;8%;17.06;17.00;+0.06;;DO_IMPORTU;import ceny regularnej brutto z cennika
5903317643302;1441;Witamina C 500mg VEGAN;106;WITAMINA C 500mg VEGAN z Aceroli X 60 KAPS.;5903317643302;EAN;19.40;8%;reduced-rate;8%;20.95;21.00;-0.05;;DO_IMPORTU;import ceny regularnej brutto z cennika
5907636994725;2049;Carbocaps x20 kaps.;22;CARBOCAPS X20 kaps.;5907636994725;EAN;8.30;8%;reduced-rate;8%;8.96;9.00;-0.04;;DO_IMPORTU;import ceny regularnej brutto z cennika
5907636994589;47;Energia;39;ENERGIA x30 kaps;5907636994589;EAN;13.00;8%;reduced-rate;8%;14.04;14.00;+0.04;;DO_IMPORTU;import ceny regularnej brutto z cennika
5907636994022;2063;Selen A,C,E Antyoksydanty x30 tab.;101;SELEN A ,C, E ANTYOKSYDANTY X 30 TAB.;5907636994022;EAN;18.50;8%;reduced-rate;8%;19.98;20.00;-0.02;;DO_IMPORTU;import ceny regularnej brutto z cennika
5907636994343;203;Zdrowa Stopa Kremo - Żel do stóp 100 ml;107;ZDROWA STOPA KREMO – ŻEL DO STÓP 100 ML;5907636994343;EAN;11.40;23%;(standard);23%;14.02;14.00;+0.02;;DO_IMPORTU;import ceny regularnej brutto z cennika
5907636994329;183;Olejek Pichtowy 100 ml;81;OLEJEK PICHTOWY W ŻELU 100 ML;5907636994329;EAN;13.90;8%;reduced-rate;8%;15.01;15.00;+0.01;13.51;DO_IMPORTU;import ceny regularnej brutto z cennika | ⚠ aktywna cena promocyjna 13.51 — do osobnej decyzji
;;;1;ACEROLA x 60 KAPS.;5907636994152;;19.50;8%;;;;;;;BRAK_EAN;brak produktu o SKU = EAN z cennika — cena nie zostanie zaimportowana
;;;2;ALANTOIN MAŚĆ 50ML;5907636994893;;11.60;23%;;;;;;;BRAK_EAN;brak produktu o SKU = EAN z cennika — cena nie zostanie zaimportowana
;;;3;ALOE VERA ŻEL 150 ML;5907636994367;;18.20;23%;;;;;;;BRAK_EAN;brak produktu o SKU = EAN z cennika — cena nie zostanie zaimportowana
;;;5;APHTIHELP GEL 10G;5907636994718;;12.50;23%;;;;;;;BRAK_EAN;brak produktu o SKU = EAN z cennika — cena nie zostanie zaimportowana
;;;10;ARTRO ŻEL 100 ML;5907636994350;;16.80;23%;;;;;;;BRAK_EAN;brak produktu o SKU = EAN z cennika — cena nie zostanie zaimportowana
;;;11;ARTROFIT X 60 KAPS.;8594011210104;;51.00;8%;;;;;;;BRAK_EAN;brak produktu o SKU = EAN z cennika — cena nie zostanie zaimportowana
;;;18;BALSAM Z KONOPII 200 ML;5907636994145;;19.40;23%;;;;;;;BRAK_EAN;brak produktu o SKU = EAN z cennika — cena nie zostanie zaimportowana
;;;19;BLIZNA MAŚĆ NA BLIZNY 20 ML;5903317643272;;20.50;23%;;;;;;;BRAK_EAN;brak produktu o SKU = EAN z cennika — cena nie zostanie zaimportowana
;;;20;CALCIUM NATURAL 60 KAPS;5903317643012;;15.90;8%;;;;;;;BRAK_EAN;brak produktu o SKU = EAN z cennika — cena nie zostanie zaimportowana
;;;30;CITROGREFT x60 kaps.;5907636994978;;24.90;8%;;;;;;;BRAK_EAN;brak produktu o SKU = EAN z cennika — cena nie zostanie zaimportowana
;;;36;CYNK + WIT. B6 12 MG X 30 TAB.;5907636994053;;15.10;8%;;;;;;;BRAK_EAN;brak produktu o SKU = EAN z cennika — cena nie zostanie zaimportowana
;;;42;GERIAFIX X 60 KAPS.;5907636994848;;40.20;8%;;;;;;;BRAK_EAN;brak produktu o SKU = EAN z cennika — cena nie zostanie zaimportowana
;;;45;JARMUŻ x60 kaps.;5907636994954;;22.10;8%;;;;;;;BRAK_EAN;brak produktu o SKU = EAN z cennika — cena nie zostanie zaimportowana
;;;49;KUDZU ROOT X 60 KAPS.;5907636994299;;26.10;8%;;;;;;;BRAK_EAN;brak produktu o SKU = EAN z cennika — cena nie zostanie zaimportowana
;;;51;LIBIDO VEGAN X 60 KAPS.;5903317643319;;39.00;8%;;;;;;;BRAK_EAN;brak produktu o SKU = EAN z cennika — cena nie zostanie zaimportowana
;;;52;LUTEINA VEGAN X 60 KAPS.;5903317643326;;20.90;8%;;;;;;;BRAK_EAN;brak produktu o SKU = EAN z cennika — cena nie zostanie zaimportowana
;;;54;MAGNEZ B6 + CYNK x60 KAPS.;5907636994039;;11.10;8%;;;;;;;BRAK_EAN;brak produktu o SKU = EAN z cennika — cena nie zostanie zaimportowana
;;;55;MAGNEZ B6 VEGAN X 60 KAPS.;5903317643296;;12.70;8%;;;;;;;BRAK_EAN;brak produktu o SKU = EAN z cennika — cena nie zostanie zaimportowana
;;;56;MAŚĆ ARNIKOWA 130ML;5907636994886;;18.50;23%;;;;;;;BRAK_EAN;brak produktu o SKU = EAN z cennika — cena nie zostanie zaimportowana
;;;57;MAŚĆ BOROWINOWA 130ML;5907636994626;;18.70;23%;;;;;;;BRAK_EAN;brak produktu o SKU = EAN z cennika — cena nie zostanie zaimportowana
;;;58;MAŚĆ DLA SPORTOWCÓW 150ML;5907636994442;;18.50;23%;;;;;;;BRAK_EAN;brak produktu o SKU = EAN z cennika — cena nie zostanie zaimportowana
;;;60;MAŚĆ KONOPNA 80 ml;5903317643135;;21.90;23%;;;;;;;BRAK_EAN;brak produktu o SKU = EAN z cennika — cena nie zostanie zaimportowana
;;;68;MAŚĆ RUMIANKOWA 80ML;5903317643265;;11.30;23%;;;;;;;BRAK_EAN;brak produktu o SKU = EAN z cennika — cena nie zostanie zaimportowana
;;;73;MAŚĆ Z ŻYWORÓDKI 130ML;5907636994657;;19.00;23%;;;;;;;BRAK_EAN;brak produktu o SKU = EAN z cennika — cena nie zostanie zaimportowana
;;;78;MAŚĆ ŻYWOKOSTOWA Z OLEJEM CBD 140ml;5903317643197;;20.10;23%;;;;;;;BRAK_EAN;brak produktu o SKU = EAN z cennika — cena nie zostanie zaimportowana
;;;79;OLEJ CBD W KAPSUŁKACH x60 KAPS.;5903317643203;;64.00;8%;;;;;;;BRAK_EAN;brak produktu o SKU = EAN z cennika — cena nie zostanie zaimportowana
;;;82;OLEK Z KONOPI 10% 10ml;5903317643111;;154.00;8%;;;;;;;BRAK_EAN;brak produktu o SKU = EAN z cennika — cena nie zostanie zaimportowana
;;;83;OLEK Z KONOPI 10% 20ml;5903317643128;;296.00;8%;;;;;;;BRAK_EAN;brak produktu o SKU = EAN z cennika — cena nie zostanie zaimportowana
;;;84;OLEK Z KONOPI 5% 10ml;5903317643098;;85.00;8%;;;;;;;BRAK_EAN;brak produktu o SKU = EAN z cennika — cena nie zostanie zaimportowana
;;;85;OLEK Z KONOPI 5% 20ml;5903317643104;;164.00;8%;;;;;;;BRAK_EAN;brak produktu o SKU = EAN z cennika — cena nie zostanie zaimportowana
;;;88;PANTHENOL PIANKA 100ML;5907636994688;;13.50;23%;;;;;;;BRAK_EAN;brak produktu o SKU = EAN z cennika — cena nie zostanie zaimportowana
;;;90;PNEUMOVIT BABY SPRAY 35ML;5907636994770;;16.10;8%;;;;;;;BRAK_EAN;brak produktu o SKU = EAN z cennika — cena nie zostanie zaimportowana
;;;95;PNEUMOVIT ZATOKI 50ML;5907636994787;;16.20;8%;;;;;;;BRAK_EAN;brak produktu o SKU = EAN z cennika — cena nie zostanie zaimportowana
;;;96;PUDER RODZINNY PIELĘGNUJĄCY 50 ML;5907636994909;;10.00;23%;;;;;;;BRAK_EAN;brak produktu o SKU = EAN z cennika — cena nie zostanie zaimportowana
;;;97;RABKA SPA MINERALE SPRAY 215 ML;5907636994305;;15.60;8%;;;;;;;BRAK_EAN;brak produktu o SKU = EAN z cennika — cena nie zostanie zaimportowana
;;;99;RESVERATROL x60 kaps.;5907636994961;;40.40;8%;;;;;;;BRAK_EAN;brak produktu o SKU = EAN z cennika — cena nie zostanie zaimportowana
;;;100;ROKITNIK I ACEROLA x60 kaps.;5907636994138;;23.90;8%;;;;;;;BRAK_EAN;brak produktu o SKU = EAN z cennika — cena nie zostanie zaimportowana
;;;103;SPIRULINA x60 kaps.;5907636994947;;18.20;8%;;;;;;;BRAK_EAN;brak produktu o SKU = EAN z cennika — cena nie zostanie zaimportowana
;;;114;ŻEL KASZTANOWY Z RUTYNĄ 200ML;5907636994619;;19.00;23%;;;;;;;BRAK_EAN;brak produktu o SKU = EAN z cennika — cena nie zostanie zaimportowana
;;;119;ŻEL Z KASZTAN. MIŁORZĘBEM I BABKĄ LANCET. 200 ML;5907636994480;;19.00;23%;;;;;;;BRAK_EAN;brak produktu o SKU = EAN z cennika — cena nie zostanie zaimportowana
;;;121;ŻEL Z ŻYWOK. I BOSWELLIĄ 200 ML;5907636994473;;19.00;23%;;;;;;;BRAK_EAN;brak produktu o SKU = EAN z cennika — cena nie zostanie zaimportowana
;;;122;ŻEL Z ŻYWOKOSTEM 200 ML;5907636994459;;18.50;23%;;;;;;;BRAK_EAN;brak produktu o SKU = EAN z cennika — cena nie zostanie zaimportowana
;;;123;ŻEL ZE ŚWIETLIKIEM I KOLAGENEM POD OCZY 20ML;5907636994640;;12.60;23%;;;;;;;BRAK_EAN;brak produktu o SKU = EAN z cennika — cena nie zostanie zaimportowana
;;;124;ŻEL ŻYWOKOSTOWY Z JAŁOWCEM I MSM 200ML;5907636994435;;19.00;23%;;;;;;;BRAK_EAN;brak produktu o SKU = EAN z cennika — cena nie zostanie zaimportowana
;;;27;CHROM Z ZIELONĄ HERBATĄ X 30 TAB.;5907636994046;;16.90;8%;;;;;;;WYKLUCZONE;WYKLUCZONE: wariant Chromu nierozstrzygnięty (30 TAB — brak produktu w WC)
;;;28;CHROM Z ZIELONĄ HERBATĄ X 30 KAPS.;5907636994794;;15.80;8%;;;;;;;WYKLUCZONE;WYKLUCZONE: wariant Chromu nierozstrzygnięty (30 KAPS — dopasowanie niepewne)
;;;29;CHROM Z ZIELONĄ HERBATĄ X 60 KAPS.;5907636994824;;24.00;8%;;;;;;;WYKLUCZONE;WYKLUCZONE: wariant Chromu nierozstrzygnięty (60 KAPS — brak produktu w WC)
;;;64;MAŚĆ NAGIETKOWA;5907636994398;;18.00;23%;;;;;;;WYKLUCZONE;WYKLUCZONE: Maść Nagietkowa — cennik bez gramatury, dopasowanie niepotwierdzone
;;;105;VENAL ŻEL CHŁODZĄCY 150 ML;5907636994336;;19.00;23%;;;;;;;WYKLUCZONE;WYKLUCZONE: Venal Żel — cena bez zmian do decyzji
;;;115;ŻEL ŁAGODZĄCY PO UKĄSZENIACH 20 ML;5903317643227;;8.90;;;;;;;;WYKLUCZONE;"WYKLUCZONE: Żel łagodzący — VAT w cenniku pusty; NIE ruszać także klasy podatkowej"
5907636994244;159;Maść Niedźwiedzi Ząb 200 ml;65;MAŚĆ NIEDŹWIEDZI ZĄB 200 ML;5907636994244;EAN;18.70;23%;(standard);23%;23.00;23.00;+0.00;;BEZ_ZMIAN;cena już zgodna z cennikiem co do grosza
5903317643029;163;Maść Rokitnikowa 140ml;67;MAŚĆ ROKITNIKOWA 140ML;5903317643029;EAN;18.70;23%;(standard);23%;23.00;23.00;+0.00;;BEZ_ZMIAN;cena już zgodna z cennikiem co do grosza
